school_name,f_address,Match_addr,Longitude,Latitude,Addr_type,Score,Status,Region,RegionAbbr,Subregion,MetroArea,City,Nbrhd,geometry,Match_type,LongLabel,ShortLabel,Type,PlaceName,Place_addr,Phone,URL,Rank,AddBldg,AddNum,AddNumFrom,AddNumTo,AddRange,Side,StPreDir,StPreType,StName,StType,StDir,BldgType,BldgName,LevelType,LevelName,UnitType,UnitName,SubAddr,StAddr,Block,Sector,District,Territory,Zone,Postal,PostalExt,Country,CntryName,LangCode,Distance,DisplayX,DisplayY,Xmin,Xmax,Ymin,Ymax,ExInfo
Albemarle Road Elementary,"7800 Riding Trail Rd, Charlotte, NC 28212","7800 Riding Trail Rd, Charlotte, North Carolina, 28212",-80.73069330350943,35.19735639713796,PointAddress,100.0,M,North Carolina,NC,Mecklenburg County,,Charlotte,,POINT (-80.73069330399994 35.19735639700008),A,"7800 Riding Trail Rd, Charlotte, NC, 28212, USA",7800 Riding Trail Rd,,,"7800 Riding Trail Rd, Charlotte, North Carolina, 28212",,,20.0,,7800,,,,,,,Riding Trail,Rd,,,,,,,,,7800 Riding Trail Rd,,,,,,28212,4616,USA,United States,ENG,0.0,-80.729361,35.197029,-80.730361,-80.72836099999999,35.196029,35.198029,
Alexander Graham Middle,"1800 Runnymede Lane, Charlotte, NC 28211","1800 Runnymede Ln, Charlotte, North Carolina, 28211",-80.83284726340231,35.16553904841513,PointAddress,100.0,M,North Carolina,NC,Mecklenburg County,,Charlotte,,POINT (-80.83284726299996 35.16553904800003),A,"1800 Runnymede Ln, Charlotte, NC, 28211, USA",1800 Runnymede Ln,,,"1800 Runnymede Ln, Charlotte, North Carolina, 28211",,,20.0,,1800,,,,,,,Runnymede,Ln,,,,,,,,,1800 Runnymede Ln,,,,,,28211,2652,USA,United States,ENG,0.0,-80.83296,35.166825,-80.83396,-80.83196,35.165825000000005,35.167825,
Allenbrook Elementary,"1430 Allenbrook Dr, Charlotte, NC 28208","1430 Allenbrook Dr, Charlotte, North Carolina, 28208",-80.91359853219939,35.26192310877733,PointAddress,100.0,M,North Carolina,NC,Mecklenburg County,,Charlotte,,POINT (-80.91359853199998 35.26192310900007),A,"1430 Allenbrook Dr, Charlotte, NC, 28208, USA",1430 Allenbrook Dr,,,"1430 Allenbrook Dr, Charlotte, North Carolina, 28208",,,20.0,,1430,,,,,,,Allenbrook,Dr,,,,,,,,,1430 Allenbrook Dr,,,,,,28208,1605,USA,United States,ENG,0.0,-80.915103,35.261703,-80.916103,-80.914103,35.260703,35.262702999999995,
Ardrey Kell High School,"10220 Ardrey Kell Road, Charlotte, NC 28277","10220 Ardrey Kell Rd, Charlotte, North Carolina, 28277",-80.82647450170211,35.02826583917034,PointAddress,100.0,M,North Carolina,NC,Mecklenburg County,,Charlotte,,POINT (-80.82647450199994 35.02826583900003),A,"10220 Ardrey Kell Rd, Charlotte, NC, 28277, USA",10220 Ardrey Kell Rd,,,"10220 Ardrey Kell Rd, Charlotte, North Carolina, 28277",,,20.0,,10220,,,,,,,Ardrey Kell,Rd,,,,,,,,,10220 Ardrey Kell Rd,,,,,,28277,4328,USA,United States,ENG,0.0,-80.8268625,35.029818000000006,-80.82786250000001,-80.8258625,35.02881800000001,35.030818000000004,
Ashley Park PreK-8 School,"2401 Belfast Dr, Charlotte, NC 28208","2401 Belfast Dr, Charlotte, North Carolina, 28208",-80.89140607060439,35.23225240804398,PointAddress,100.0,M,North Carolina,NC,Mecklenburg County,,Charlotte,,POINT (-80.89140607099995 35.23225240800008),A,"2401 Belfast Dr, Charlotte, NC, 28208, USA",2401 Belfast Dr,,,"2401 Belfast Dr, Charlotte, North Carolina, 28208",,,20.0,,2401,,,,,,,Belfast,Dr,,,,,,,,,2401 Belfast Dr,,,,,,28208,3804,USA,United States,ENG,0.0,-80.8910775,35.232786000000004,-80.8920775,-80.89007749999999,35.23178600000001,35.233786,
Bailey Middle,"11900 Bailey Rd, Cornelius, NC 28031","11900 Bailey Rd, Cornelius, North Carolina, 28031",-80.83782954729087,35.4684328497611,PointAddress,100.0,M,North Carolina,NC,Mecklenburg County,,Cornelius,,POINT (-80.83782954699996 35.46843285000006),A,"11900 Bailey Rd, Cornelius, NC, 28031, USA",11900 Bailey Rd,,,"11900 Bailey Rd, Cornelius, North Carolina, 28031",,,20.0,,11900,,,,,,,Bailey,Rd,,,,,,,,,11900 Bailey Rd,,,,,,28031,9124,USA,United States,ENG,0.0,-80.837505,35.467524,-80.838505,-80.83650499999999,35.466524,35.468523999999995,
Bain Elementary,"11540 Bain School Rd, Mint Hill, NC 28227","11540 Bain School Rd, Charlotte, North Carolina, 28227",-80.64779923148951,35.175164456460976,PointAddress,100.0,M,North Carolina,NC,Mecklenburg County,,Charlotte,,POINT (-80.64779923099996 35.17516445600006),A,"11540 Bain School Rd, Charlotte, NC, 28227, USA",11540 Bain School Rd,,,"11540 Bain School Rd, Charlotte, North Carolina, 28227",,,20.0,,11540,,,,,,,Bain School,Rd,,,,,,,,,11540 Bain School Rd,,,,,,28227,7552,USA,United States,ENG,0.0,-80.6494275,35.174079000000006,-80.6504275,-80.6484275,35.17307900000001,35.175079000000004,
Ballantyne Elementary,"15425 Scholastic Dr, Charlotte, NC 28277","15425 Scholastic Dr, Charlotte, North Carolina, 28277",-80.85669730997203,35.03684224011745,PointAddress,100.0,M,North Carolina,NC,Mecklenburg County,,Charlotte,,POINT (-80.85669730999996 35.03684224000006),A,"15425 Scholastic Dr, Charlotte, NC, 28277, USA",15425 Scholastic Dr,,,"15425 Scholastic Dr, Charlotte, North Carolina, 28277",,,20.0,,15425,,,,,,,Scholastic,Dr,,,,,,,,,15425 Scholastic Dr,,,,,,28277,4109,USA,United States,ENG,0.0,-80.85619799999999,35.037261,-80.857198,-80.85519799999999,35.036261,35.038261,
Berewick Elementary,"5910 Dixie River Rd, Charlotte, NC 28278","5910 Dixie River Rd, Charlotte, North Carolina, 28278",-80.97880597042541,35.173108868803176,PointAddress,100.0,M,North Carolina,NC,Mecklenburg County,,Charlotte,,POINT (-80.97880596999994 35.17310886900003),A,"5910 Dixie River Rd, Charlotte, NC, 28278, USA",5910 Dixie River Rd,,,"5910 Dixie River Rd, Charlotte, North Carolina, 28278",,,20.0,,5910,,,,,,,Dixie River,Rd,,,,,,,,,5910 Dixie River Rd,,,,,,28278,9506,USA,United States,ENG,0.0,-80.9786385,35.17398,-80.97963850000001,-80.9776385,35.17298,35.17498,
Berryhill School,"10501 Windy Grove Rd, Charlotte, NC 28278","10501 Windy Grove Rd, Charlotte, North Carolina, 28278",-80.99089217147588,35.21354222419112,PointAddress,100.0,M,North Carolina,NC,Mecklenburg County,,Charlotte,,POINT (-80.99089217099998 35.21354222400004),A,"10501 Windy Grove Rd, Charlotte, NC, 28278, USA",10501 Windy Grove Rd,,,"10501 Windy Grove Rd, Charlotte, North Carolina, 28278",,,20.0,,10501,,,,,,,Windy Grove,Rd,,,,,,,,,10501 Windy Grove Rd,,,,,,28278,9227,USA,United States,ENG,0.0,-80.990388,35.21284200000001,-80.991388,-80.98938799999999,35.21184200000001,35.21384200000001,
Beverly Woods Elementary,"6001 Quail Hollow Rd, Charlotte, NC 28210","6001 Quail Hollow Rd, Charlotte, North Carolina, 28210",-80.83807299296045,35.130903502683054,PointAddress,100.0,M,North Carolina,NC,Mecklenburg County,,Charlotte,,POINT (-80.83807299299997 35.13090350300007),A,"6001 Quail Hollow Rd, Charlotte, NC, 28210, USA",6001 Quail Hollow Rd,,,"6001 Quail Hollow Rd, Charlotte, North Carolina, 28210",,,20.0,,6001,,,,,,,Quail Hollow,Rd,,,,,,,,,6001 Quail Hollow Rd,,,,,,28210,5032,USA,United States,ENG,0.0,-80.83700999999999,35.131392000000005,-80.83801,-80.83600999999999,35.13039200000001,35.132392,
Briarwood Academy,"1001 Wilann Dr, Charlotte, NC 28215","1001 Wilann Dr, Charlotte, North Carolina, 28215",-80.76493601915858,35.251519050291044,PointAddress,100.0,M,North Carolina,NC,Mecklenburg County,,Charlotte,,POINT (-80.76493601899995 35.25151905000007),A,"1001 Wilann Dr, Charlotte, NC, 28215, USA",1001 Wilann Dr,,,"1001 Wilann Dr, Charlotte, North Carolina, 28215",,,20.0,,1001,,,,,,,Wilann,Dr,,,,,,,,,1001 Wilann Dr,,,,,,28215,2149,USA,United States,ENG,0.0,-80.765019,35.2521,-80.766019,-80.76401899999999,35.2511,35.253099999999996,
Butler High School,"1810 Matthews-Mint Hill Rd, Matthews, NC 28105","1810 Matthews Mint Hill Rd, Matthews, North Carolina, 28105",-80.6922693008837,35.121818553610204,PointAddress,100.0,M,North Carolina,NC,Mecklenburg County,,Matthews,,POINT (-80.69226930099995 35.12181855400007),A,"1810 Matthews Mint Hill Rd, Matthews, NC, 28105, USA",1810 Matthews Mint Hill Rd,,,"1810 Matthews Mint Hill Rd, Matthews, North Carolina, 28105",,,20.0,,1810,,,,,,,Matthews Mint Hill,Rd,,,,,,,,,1810 Matthews Mint Hill Rd,,,,,,28105,4649,USA,United States,ENG,0.0,-80.6910525,35.120817,-80.6920525,-80.6900525,35.119817000000005,35.121817,
Carmel Middle,"5001 Camilla Dr, Charlotte, NC 28226","5001 Camilla Dr, Charlotte, North Carolina, 28226",-80.80506922447958,35.12974257582721,PointAddress,100.0,M,North Carolina,NC,Mecklenburg County,,Charlotte,,POINT (-80.80506922399996 35.12974257600007),A,"5001 Camilla Dr, Charlotte, NC, 28226, USA",5001 Camilla Dr,,,"5001 Camilla Dr, Charlotte, North Carolina, 28226",,,20.0,,5001,,,,,,,Camilla,Dr,,,,,,,,,5001 Camilla Dr,,,,,,28226,6760,USA,United States,ENG,0.0,-80.804484,35.12888100000001,-80.805484,-80.803484,35.12788100000001,35.129881000000005,
Cato Middle College High School,"8120 Grier Rd ÃŠ Suite 171-B, Charlotte, NC 28215","8120 Grier Rd, Charlotte, North Carolina, 28215",-80.73151169424115,35.26620225440088,PointAddress,98.87,M,North Carolina,NC,Mecklenburg County,,Charlotte,,POINT (-80.73151169399995 35.26620225400006),A,"8120 Grier Rd, Charlotte, NC, 28215, USA",8120 Grier Rd,,,"8120 Grier Rd, Charlotte, North Carolina, 28215",,,20.0,,8120,,,,,,,Grier,Rd,,,,,,,,,8120 Grier Rd,,,,,,28215,,USA,United States,ENG,0.0,-80.7310755,35.265051,-80.73207550000001,-80.7300755,35.264051,35.266051,
Char Eng Early College-UNCC,"9000 Robert Snyder Rd, Charlotte, NC 28262","9000 Robert Snyder Rd, Charlotte, North Carolina, 28262",-80.74412099999999,35.308935000000005,PointAddress,100.0,M,North Carolina,NC,Mecklenburg County,,Charlotte,,POINT (-80.74412099999995 35.30893500000008),A,"9000 Robert Snyder Rd, Charlotte, NC, 28262, USA",9000 Robert Snyder Rd,,,"9000 Robert Snyder Rd, Charlotte, North Carolina, 28262",,,20.0,,9000,,,,,,,Robert Snyder,Rd,,,,,,,,,9000 Robert Snyder Rd,,,,,,28262,5018,USA,United States,ENG,0.0,-80.74412099999999,35.308935000000005,-80.745121,-80.74312099999999,35.30793500000001,35.309935,
Char-Meck Virtual High School,"1900 Newcastle St, Charlotte, NC 28216","1900 Newcastle St, Charlotte, North Carolina, 28216",-80.84308107680815,35.25905593254094,PointAddress,100.0,M,North Carolina,NC,Mecklenburg County,,Charlotte,,POINT (-80.84308107699997 35.25905593300007),A,"1900 Newcastle St, Charlotte, NC, 28216, USA",1900 Newcastle St,,,"1900 Newcastle St, Charlotte, North Carolina, 28216",,,20.0,,1900,,,,,,,Newcastle,St,,,,,,,,,1900 Newcastle St,,,,,,28216,4719,USA,United States,ENG,0.0,-80.84232,35.25889500000001,-80.84332,-80.84132,35.25789500000001,35.25989500000001,
Charlotte Teacher Early College,"9000 Robert D. Snyder Rd, Charlotte, NC 28262","9000 Robert Snyder Rd, Charlotte, North Carolina, 28262",-80.74412099999999,35.308935000000005,PointAddress,99.99,M,North Carolina,NC,Mecklenburg County,,Charlotte,,POINT (-80.74412099999995 35.30893500000008),A,"9000 Robert Snyder Rd, Charlotte, NC, 28262, USA",9000 Robert Snyder Rd,,,"9000 Robert Snyder Rd, Charlotte, North Carolina, 28262",,,20.0,,9000,,,,,,,Robert Snyder,Rd,,,,,,,,,9000 Robert Snyder Rd,,,,,,28262,5018,USA,United States,ENG,0.0,-80.74412099999999,35.308935000000005,-80.745121,-80.74312099999999,35.30793500000001,35.309935,
Charlotte-Mecklenburg Virtual Elementary,"1900 Newcastle St, Charlotte, NC 28216","1900 Newcastle St, Charlotte, North Carolina, 28216",-80.84308107680815,35.25905593254094,PointAddress,100.0,M,North Carolina,NC,Mecklenburg County,,Charlotte,,POINT (-80.84308107699997 35.25905593300007),A,"1900 Newcastle St, Charlotte, NC, 28216, USA",1900 Newcastle St,,,"1900 Newcastle St, Charlotte, North Carolina, 28216",,,20.0,,1900,,,,,,,Newcastle,St,,,,,,,,,1900 Newcastle St,,,,,,28216,4719,USA,United States,ENG,0.0,-80.84232,35.25889500000001,-80.84332,-80.84132,35.25789500000001,35.25989500000001,
Charlotte-Mecklenburg Virtual Middle,"1900 Newcastle St, Charlotte, NC 28216","1900 Newcastle St, Charlotte, North Carolina, 28216",-80.84308107680815,35.25905593254094,PointAddress,100.0,M,North Carolina,NC,Mecklenburg County,,Charlotte,,POINT (-80.84308107699997 35.25905593300007),A,"1900 Newcastle St, Charlotte, NC, 28216, USA",1900 Newcastle St,,,"1900 Newcastle St, Charlotte, North Carolina, 28216",,,20.0,,1900,,,,,,,Newcastle,St,,,,,,,,,1900 Newcastle St,,,,,,28216,4719,USA,United States,ENG,0.0,-80.84232,35.25889500000001,-80.84332,-80.84132,35.25789500000001,35.25989500000001,
Clear Creek Elementary,"13501 Albemarle Rd, Charlotte, NC 28227","13501 Albemarle Rd, Charlotte, North Carolina, 28227",-80.6251156917883,35.223230709186545,PointAddress,100.0,M,North Carolina,NC,Mecklenburg County,,Charlotte,,POINT (-80.62511569199995 35.22323070900006),A,"13501 Albemarle Rd, Charlotte, NC, 28227, USA",13501 Albemarle Rd,,,"13501 Albemarle Rd, Charlotte, North Carolina, 28227",,,20.0,,13501,,,,,,,Albemarle,Rd,,,,,,,,,13501 Albemarle Rd,,,,,,28227,6918,USA,United States,ENG,0.0,-80.6251545,35.22381300000001,-80.6261545,-80.62415449999999,35.22281300000001,35.224813000000005,
Cochrane Collegiate Academy,"6200 Starhaven Dr, Charlotte, NC 28215","6200 Starhaven Dr, Charlotte, North Carolina, 28215",-80.75029790285076,35.24718968324823,PointAddress,100.0,M,North Carolina,NC,Mecklenburg County,,Charlotte,,POINT (-80.75029790299999 35.24718968300004),A,"6200 Starhaven Dr, Charlotte, NC, 28215, USA",6200 Starhaven Dr,,,"6200 Starhaven Dr, Charlotte, North Carolina, 28215",,,20.0,,6200,,,,,,,Starhaven,Dr,,,,,,,,,6200 Starhaven Dr,,,,,,28215,2406,USA,United States,ENG,0.0,-80.750214,35.24643900000001,-80.751214,-80.749214,35.24543900000001,35.24743900000001,
Community House Middle,"9500 Community House Rd, Charlotte, NC 28277","9500 Community House Rd, Charlotte, North Carolina, 28277",-80.82472290083155,35.03507758517441,PointAddress,100.0,M,North Carolina,NC,Mecklenburg County,,Charlotte,,POINT (-80.82472290099997 35.03507758500007),A,"9500 Community House Rd, Charlotte, NC, 28277, USA",9500 Community House Rd,,,"9500 Community House Rd, Charlotte, North Carolina, 28277",,,20.0,,9500,,,,,,,Community House,Rd,,,,,,,,,9500 Community House Rd,,,,,,28277,1829,USA,United States,ENG,0.0,-80.82383399999999,35.036198999999996,-80.824834,-80.82283399999999,35.035199,35.037198999999994,
Cornelius Elementary,"21126 Catawba Ave, Cornelius, NC 28031","21126 Catawba Ave, Cornelius, North Carolina, 28031",-80.86396831920462,35.482973226643956,PointAddress,100.0,M,North Carolina,NC,Mecklenburg County,,Cornelius,,POINT (-80.86396831899998 35.48297322700006),A,"21126 Catawba Ave, Cornelius, NC, 28031, USA",21126 Catawba Ave,,,"21126 Catawba Ave, Cornelius, North Carolina, 28031",,,20.0,,21126,,,,,,,Catawba,Ave,,,,,,,,,21126 Catawba Ave,,,,,,28031,8503,USA,United States,ENG,0.0,-80.864244,35.481798,-80.865244,-80.863244,35.480798,35.482797999999995,
Croft Community School,"4911 Hucks Rd, Charlotte, NC 28269","4911 Hucks Rd, Charlotte, North Carolina, 28269",-80.80402132353245,35.34714989558009,PointAddress,100.0,M,North Carolina,NC,Mecklenburg County,,Charlotte,,POINT (-80.80402132399996 35.34714989600008),A,"4911 Hucks Rd, Charlotte, NC, 28269, USA",4911 Hucks Rd,,,"4911 Hucks Rd, Charlotte, North Carolina, 28269",,,20.0,,4911,,,,,,,Hucks,Rd,,,,,,,,,4911 Hucks Rd,,,,,,28269,1149,USA,United States,ENG,0.0,-80.8045695,35.346492,-80.8055695,-80.8035695,35.345492,35.347491999999995,
Crown Point Elementary,"3335 Sam Newell Rd, Matthews, NC 28105","3335 Sam Newell Rd, Matthews, North Carolina, 28105",-80.7137354278368,35.16027155617768,PointAddress,100.0,M,North Carolina,NC,Mecklenburg County,,Matthews,,POINT (-80.71373542799995 35.16027155600005),A,"3335 Sam Newell Rd, Matthews, NC, 28105, USA",3335 Sam Newell Rd,,,"3335 Sam Newell Rd, Matthews, North Carolina, 28105",,,20.0,,3335,,,,,,,Sam Newell,Rd,,,,,,,,,3335 Sam Newell Rd,,,,,,28105,7444,USA,United States,ENG,0.0,-80.715186,35.160003,-80.71618600000001,-80.714186,35.159003000000006,35.161003,
David Cox Road Elementary,"4215 David Cox Rd, Charlotte, NC 28269","4215 David Cox Rd, Charlotte, North Carolina, 28269",-80.80076355663903,35.33803876839492,PointAddress,100.0,M,North Carolina,NC,Mecklenburg County,,Charlotte,,POINT (-80.80076355699998 35.33803876800005),A,"4215 David Cox Rd, Charlotte, NC, 28269, USA",4215 David Cox Rd,,,"4215 David Cox Rd, Charlotte, North Carolina, 28269",,,20.0,,4215,,,,,,,David Cox,Rd,,,,,,,,,4215 David Cox Rd,,,,,,28269,8927,USA,United States,ENG,0.0,-80.8009695,35.33665500000001,-80.8019695,-80.79996949999999,35.33565500000001,35.337655000000005,
Davidson K-8 School,"635 South St, Davidson, NC 28036","635 South St, Davidson, North Carolina, 28036",-80.84927716045429,35.489955059668794,PointAddress,100.0,M,North Carolina,NC,Mecklenburg County,,Davidson,,POINT (-80.84927715999999 35.48995506000006),A,"635 South St, Davidson, NC, 28036, USA",635 South St,,,"635 South St, Davidson, North Carolina, 28036",,,20.0,,635,,,,,,,South,St,,,,,,,,,635 South St,,,,,,28036,8063,USA,United States,ENG,0.0,-80.8481565,35.48991600000001,-80.8491565,-80.8471565,35.48891600000001,35.490916000000006,
Devonshire Elementary,"6500 Barrington Dr, Charlotte, NC 28215","6500 Barrington Dr, Charlotte, North Carolina, 28215",-80.74508161806723,35.24548637466116,PointAddress,100.0,M,North Carolina,NC,Mecklenburg County,,Charlotte,,POINT (-80.74508161799997 35.24548637500004),A,"6500 Barrington Dr, Charlotte, NC, 28215, USA",6500 Barrington Dr,,,"6500 Barrington Dr, Charlotte, North Carolina, 28215",,,20.0,,6500,,,,,,,Barrington,Dr,,,,,,,,,6500 Barrington Dr,,,,,,28215,2725,USA,United States,ENG,0.0,-80.7462405,35.24520600000001,-80.7472405,-80.7452405,35.24420600000001,35.24620600000001,
Dilworth Elem Sedgefield Campus,"715 Hartford Ave, Charlotte, NC 28209","715 Hartford Ave, Charlotte, North Carolina, 28209",-80.86480582849639,35.189659126896714,PointAddress,100.0,M,North Carolina,NC,Mecklenburg County,,Charlotte,,POINT (-80.86480582799999 35.18965912700003),A,"715 Hartford Ave, Charlotte, NC, 28209, USA",715 Hartford Ave,,,"715 Hartford Ave, Charlotte, North Carolina, 28209",,,20.0,,715,,,,,,,Hartford,Ave,,,,,,,,,715 Hartford Ave,,,,,,28209,1932,USA,United States,ENG,0.0,-80.8635555,35.19027,-80.86455550000001,-80.8625555,35.18927,35.191269999999996,
Dilworth Elementary School: Latta Campus,"405 E. Park Ave, Charlotte, NC 28203","405 E Park Ave, Charlotte, North Carolina, 28203",-80.85210855698574,35.211056370852,PointAddress,100.0,M,North Carolina,NC,Mecklenburg County,,Charlotte,,POINT (-80.85210855699995 35.21105637100004),A,"405 E Park Ave, Charlotte, NC, 28203, USA",405 E Park Ave,,,"405 E Park Ave, Charlotte, North Carolina, 28203",,,20.0,,405,,,,,E,,Park,Ave,,,,,,,,,405 E Park Ave,,,,,,28203,5143,USA,United States,ENG,0.0,-80.851581,35.21158200000001,-80.852581,-80.85058099999999,35.21058200000001,35.212582000000005,
Druid Hills Academy,"2801 Lucena Ave, Charlotte, NC 28206","2801 Lucena St, Charlotte, North Carolina, 28206",-80.82460791433463,35.25695104971414,PointAddress,98.04,M,North Carolina,NC,Mecklenburg County,,Charlotte,,POINT (-80.82460791399996 35.25695105000005),A,"2801 Lucena St, Charlotte, NC, 28206, USA",2801 Lucena St,,,"2801 Lucena St, Charlotte, North Carolina, 28206",,,20.0,,2801,,,,,,,Lucena,St,,,,,,,,,2801 Lucena St,,,,,,28206,2168,USA,United States,ENG,0.0,-80.8241625,35.25730200000001,-80.8251625,-80.8231625,35.25630200000001,35.25830200000001,
Eastover Elementary,"500 Cherokee Rd, Charlotte, NC 28207","500 Cherokee Rd, Charlotte, North Carolina, 28207",-80.82091258956049,35.19663737968148,PointAddress,100.0,M,North Carolina,NC,Mecklenburg County,,Charlotte,,POINT (-80.82091258999998 35.19663738000003),A,"500 Cherokee Rd, Charlotte, NC, 28207, USA",500 Cherokee Rd,,,"500 Cherokee Rd, Charlotte, North Carolina, 28207",,,20.0,,500,,,,,,,Cherokee,Rd,,,,,,,,,500 Cherokee Rd,,,,,,28207,2234,USA,United States,ENG,0.0,-80.82145799999999,35.19661500000001,-80.822458,-80.82045799999999,35.19561500000001,35.197615000000006,
Elizabeth Lane Elementary,"121 Elizabeth Ln, Matthews, NC 28105","121 Elizabeth Ln, Matthews, North Carolina, 28105",-80.7490828219182,35.11291943104038,PointAddress,100.0,M,North Carolina,NC,Mecklenburg County,,Matthews,,POINT (-80.74908282199993 35.11291943100008),A,"121 Elizabeth Ln, Matthews, NC, 28105, USA",121 Elizabeth Ln,,,"121 Elizabeth Ln, Matthews, North Carolina, 28105",,,20.0,,121,,,,,,,Elizabeth,Ln,,,,,,,,,121 Elizabeth Ln,,,,,,28105,6858,USA,United States,ENG,0.0,-80.747244,35.113032000000004,-80.748244,-80.74624399999999,35.112032000000006,35.114032,
Elon Park Elementary,"11425 Ardrey Kell Rd, Charlotte, NC 28277","11425 Ardrey Kell Rd, Charlotte, North Carolina, 28277",-80.84360457253764,35.02352555946724,PointAddress,100.0,M,North Carolina,NC,Mecklenburg County,,Charlotte,,POINT (-80.84360457299994 35.02352555900006),A,"11425 Ardrey Kell Rd, Charlotte, NC, 28277, USA",11425 Ardrey Kell Rd,,,"11425 Ardrey Kell Rd, Charlotte, North Carolina, 28277",,,20.0,,11425,,,,,,,Ardrey Kell,Rd,,,,,,,,,11425 Ardrey Kell Rd,,,,,,28277,1977,USA,United States,ENG,0.0,-80.843175,35.022825,-80.844175,-80.842175,35.021825,35.023824999999995,
Endhaven Elementary,"6815 Endhaven Ln, Charlotte, NC 28277","6815 Endhaven Ln, Charlotte, North Carolina, 28277",-80.83521087927744,35.067592608316,PointAddress,100.0,M,North Carolina,NC,Mecklenburg County,,Charlotte,,POINT (-80.83521087899999 35.06759260800004),A,"6815 Endhaven Ln, Charlotte, NC, 28277, USA",6815 Endhaven Ln,,,"6815 Endhaven Ln, Charlotte, North Carolina, 28277",,,20.0,,6815,,,,,,,Endhaven,Ln,,,,,,,,,6815 Endhaven Ln,,,,,,28277,2383,USA,United States,ENG,0.0,-80.835318,35.06689800000001,-80.836318,-80.834318,35.06589800000001,35.06789800000001,
Garinger High School,"1100 Eastway Dr, Charlotte, NC 28205","1100 Eastway Dr, Charlotte, North Carolina, 28205",-80.783037,35.241084,PointAddress,100.0,M,North Carolina,NC,Mecklenburg County,,Charlotte,,POINT (-80.78303699999998 35.24108400000006),A,"1100 Eastway Dr, Charlotte, NC, 28205, USA",1100 Eastway Dr,,,"1100 Eastway Dr, Charlotte, North Carolina, 28205",,,20.0,,1100,,,,,,,Eastway,Dr,,,,,,,,,1100 Eastway Dr,,,,,,28205,1433,USA,United States,ENG,0.0,-80.783037,35.241084,-80.784037,-80.78203699999999,35.240084,35.242084,
Harper Middle College High,"315 W Hebron St, Charlotte, NC 28273","315 W Hebron St, Charlotte, North Carolina, 28273",-80.89484146857814,35.130138175630826,PointAddress,100.0,M,North Carolina,NC,Mecklenburg County,,Charlotte,,POINT (-80.89484146899997 35.13013817600006),A,"315 W Hebron St, Charlotte, NC, 28273, USA",315 W Hebron St,,,"315 W Hebron St, Charlotte, North Carolina, 28273",,,20.0,,315,,,,,W,,Hebron,St,,,,,,,,,315 W Hebron St,,,,,,28273,4304,USA,United States,ENG,0.0,-80.895681,35.129547,-80.896681,-80.89468099999999,35.128547000000005,35.130547,
Hawk Ridge Elementary,"9201 Bryant Farms Rd, Charlotte, NC 28277","9201 Bryant Farms Rd, Charlotte, North Carolina, 28277",-80.82591903072937,35.04509871259261,PointAddress,100.0,M,North Carolina,NC,Mecklenburg County,,Charlotte,,POINT (-80.82591903099996 35.04509871300007),A,"9201 Bryant Farms Rd, Charlotte, NC, 28277, USA",9201 Bryant Farms Rd,,,"9201 Bryant Farms Rd, Charlotte, North Carolina, 28277",,,20.0,,9201,,,,,,,Bryant Farms,Rd,,,,,,,,,9201 Bryant Farms Rd,,,,,,28277,1641,USA,United States,ENG,0.0,-80.82509399999999,35.043552000000005,-80.826094,-80.82409399999999,35.04255200000001,35.044552,
Hickory Grove Elementary,"6709 Pence Rd, Charlotte, NC 28215","6709 Pence Rd, Charlotte, North Carolina, 28215",-80.71710891978765,35.22568131620353,PointAddress,100.0,M,North Carolina,NC,Mecklenburg County,,Charlotte,,POINT (-80.71710891999999 35.22568131600008),A,"6709 Pence Rd, Charlotte, NC, 28215, USA",6709 Pence Rd,,,"6709 Pence Rd, Charlotte, North Carolina, 28215",,,20.0,,6709,,,,,,,Pence,Rd,,,,,,,,,6709 Pence Rd,,,,,,28215,4231,USA,United States,ENG,0.0,-80.717094,35.226504000000006,-80.71809400000001,-80.716094,35.22550400000001,35.227504,
Hidden Valley Elementary,"5100 Snow White Ln, Charlotte, NC 28213","5100 Snow White Ln, Charlotte, North Carolina, 28213",-80.78475535108782,35.26902254169364,PointAddress,100.0,M,North Carolina,NC,Mecklenburg County,,Charlotte,,POINT (-80.78475535099994 35.26902254200007),A,"5100 Snow White Ln, Charlotte, NC, 28213, USA",5100 Snow White Ln,,,"5100 Snow White Ln, Charlotte, North Carolina, 28213",,,20.0,,5100,,,,,,,Snow White,Ln,,,,,,,,,5100 Snow White Ln,,,,,,28213,6126,USA,United States,ENG,0.0,-80.784666,35.268209999999996,-80.785666,-80.783666,35.26721,35.269209999999994,
Highland Creek Elementary,"7242 Highland Creek Pkwy, Charlotte, NC 28269","7242 Highland Creek Pkwy, Charlotte, North Carolina, 28269",-80.7631047045989,35.37912098770901,PointAddress,100.0,M,North Carolina,NC,Mecklenburg County,,Charlotte,,POINT (-80.76310470499999 35.37912098800007),A,"7242 Highland Creek Pkwy, Charlotte, NC, 28269, USA",7242 Highland Creek Pkwy,,,"7242 Highland Creek Pkwy, Charlotte, North Carolina, 28269",,,20.0,,7242,,,,,,,Highland Creek,Pkwy,,,,,,,,,7242 Highland Creek Pkwy,,,,,,28269,0805,USA,United States,ENG,0.0,-80.7636015,35.37828900000001,-80.7646015,-80.76260149999999,35.37728900000001,35.37928900000001,
Highland Renaissance Academy,"125 W Craighead Rd, Charlotte, NC 28206","125 W Craighead Rd, Charlotte, North Carolina, 28206",-80.8017152455122,35.25660901739917,PointAddress,100.0,M,North Carolina,NC,Mecklenburg County,,Charlotte,,POINT (-80.80171524599996 35.25660901700007),A,"125 W Craighead Rd, Charlotte, NC, 28206, USA",125 W Craighead Rd,,,"125 W Craighead Rd, Charlotte, North Carolina, 28206",,,20.0,,125,,,,,W,,Craighead,Rd,,,,,,,,,125 W Craighead Rd,,,,,,28206,2029,USA,United States,ENG,0.0,-80.80341299999999,35.255700000000004,-80.804413,-80.80241299999999,35.25470000000001,35.2567,
Hornets Nest Elementary,"6700 Beatties Ford Rd, Charlotte, NC 28216","6700 Beatties Ford Rd, Charlotte, North Carolina, 28216",-80.86642801696648,35.324360536528154,PointAddress,100.0,M,North Carolina,NC,Mecklenburg County,,Charlotte,,POINT (-80.86642801699998 35.32436053700008),A,"6700 Beatties Ford Rd, Charlotte, NC, 28216, USA",6700 Beatties Ford Rd,,,"6700 Beatties Ford Rd, Charlotte, North Carolina, 28216",,,20.0,,6700,,,,,,,Beatties Ford,Rd,,,,,,,,,6700 Beatties Ford Rd,,,,,,28216,1910,USA,United States,ENG,0.0,-80.8653465,35.324685,-80.8663465,-80.8643465,35.323685000000005,35.325685,
Huntersville Elementary,"200 Gilead Rd, Huntersville, NC 28078","200 Gilead Rd, Huntersville, North Carolina, 28078",-80.84687988273988,35.4107006556346,PointAddress,100.0,M,North Carolina,NC,Mecklenburg County,,Huntersville,,POINT (-80.84687988299999 35.41070065600007),A,"200 Gilead Rd, Huntersville, NC, 28078, USA",200 Gilead Rd,,,"200 Gilead Rd, Huntersville, North Carolina, 28078",,,20.0,,200,,,,,,,Gilead,Rd,,,,,,,,,200 Gilead Rd,,,,,,28078,6897,USA,United States,ENG,0.0,-80.8469145,35.41143600000001,-80.8479145,-80.84591449999999,35.41043600000001,35.41243600000001,
Independence High School,"1967 Patriot Dr, Charlotte, NC 28227","1967 Patriot Dr, Charlotte, North Carolina, 28227",-80.68615605727327,35.19803103214301,PointAddress,100.0,M,North Carolina,NC,Mecklenburg County,,Charlotte,,POINT (-80.68615605699995 35.19803103200007),A,"1967 Patriot Dr, Charlotte, NC, 28227, USA",1967 Patriot Dr,,,"1967 Patriot Dr, Charlotte, North Carolina, 28227",,,20.0,,1967,,,,,,,Patriot,Dr,,,,,,,,,1967 Patriot Dr,,,,,,28227,4123,USA,United States,ENG,0.0,-80.687196,35.197479,-80.688196,-80.686196,35.196479000000004,35.198479,
J. H. Gunn Elementary,"7400 Harrisburg Rd, Charlotte, NC 28215","7400 Harrisburg Rd, Charlotte, North Carolina, 28215",-80.68683525440088,35.21652979098635,PointAddress,100.0,M,North Carolina,NC,Mecklenburg County,,Charlotte,,POINT (-80.68683525399996 35.21652979100003),A,"7400 Harrisburg Rd, Charlotte, NC, 28215, USA",7400 Harrisburg Rd,,,"7400 Harrisburg Rd, Charlotte, North Carolina, 28215",,,20.0,,7400,,,,,,,Harrisburg,Rd,,,,,,,,,7400 Harrisburg Rd,,,,,,28215,4312,USA,United States,ENG,0.0,-80.685684,35.216307,-80.686684,-80.68468399999999,35.215307,35.217307,
J.V. Washam Elementary,"9611 Westmoreland Rd, Cornelius, NC 28031","9611 Westmoreland Rd, Cornelius, North Carolina, 28031",-80.867808,35.46677700000001,PointAddress,100.0,M,North Carolina,NC,Mecklenburg County,,Cornelius,,POINT (-80.86780799999997 35.46677700000004),A,"9611 Westmoreland Rd, Cornelius, NC, 28031, USA",9611 Westmoreland Rd,,,"9611 Westmoreland Rd, Cornelius, North Carolina, 28031",,,20.0,,9611,,,,,,,Westmoreland,Rd,,,,,,,,,9611 Westmoreland Rd,,,,,,28031,9260,USA,United States,ENG,0.0,-80.867808,35.46677700000001,-80.868808,-80.86680799999999,35.46577700000001,35.467777000000005,
James Martin Middle,"6301 University Pointe Blvd, Charlotte, NC 28262","6301 University Pointe Blvd, Charlotte, North Carolina, 28262",-80.76694499999999,35.298486,PointAddress,100.0,M,North Carolina,NC,Mecklenburg County,,Charlotte,,POINT (-80.76694499999996 35.29848600000003),A,"6301 University Pointe Blvd, Charlotte, NC, 28262, USA",6301 University Pointe Blvd,,,"6301 University Pointe Blvd, Charlotte, North Carolina, 28262",,,20.0,,6301,,,,,,,University Pointe,Blvd,,,,,,,,,6301 University Pointe Blvd,,,,,,28262,5031,USA,United States,ENG,0.0,-80.76694499999999,35.298486,-80.767945,-80.76594499999999,35.297486,35.299485999999995,
Jay M. Robinson Middle,"5925 Ballantyne Commons Pkwy, Charlotte, NC 28277","5925 Ballantyne Commons Pkwy, Charlotte, North Carolina, 28277",-80.78253848364002,35.06409747948603,PointAddress,100.0,M,North Carolina,NC,Mecklenburg County,,Charlotte,,POINT (-80.78253848399999 35.06409747900005),A,"5925 Ballantyne Commons Pkwy, Charlotte, NC, 28277, USA",5925 Ballantyne Commons Pkwy,,,"5925 Ballantyne Commons Pkwy, Charlotte, North Carolina, 28277",,,20.0,,5925,,,,,,,Ballantyne Commons,Pkwy,,,,,,,,,5925 Ballantyne Commons Pkwy,,,,,,28277,0575,USA,United States,ENG,0.0,-80.78269949999999,35.062893,-80.7836995,-80.78169949999999,35.061893000000005,35.063893,
Joseph W Grier Academy,"8330 Grier Rd, Charlotte, NC 28215","8330 Grier Rd, Charlotte, North Carolina, 28215",-80.72602991124755,35.268332161175444,PointAddress,100.0,M,North Carolina,NC,Mecklenburg County,,Charlotte,,POINT (-80.72602991099996 35.26833216100005),A,"8330 Grier Rd, Charlotte, NC, 28215, USA",8330 Grier Rd,,,"8330 Grier Rd, Charlotte, North Carolina, 28215",,,20.0,,8330,,,,,,,Grier,Rd,,,,,,,,,8330 Grier Rd,,,,,,28215,8701,USA,United States,ENG,0.0,-80.7252255,35.267499,-80.7262255,-80.72422549999999,35.266499,35.268499,
Julius L. Chambers High School,"7600 IBM Dr, Charlotte, NC 28262","7600 Ibm Dr, Charlotte, North Carolina, 28262",-80.769492,35.300223,PointAddress,100.0,M,North Carolina,NC,Mecklenburg County,,Charlotte,,POINT (-80.76949199999996 35.30022300000007),A,"7600 Ibm Dr, Charlotte, NC, 28262, USA",7600 Ibm Dr,,,"7600 Ibm Dr, Charlotte, North Carolina, 28262",,,20.0,,7600,,,,,,,Ibm,Dr,,,,,,,,,7600 Ibm Dr,,,,,,28262,4314,USA,United States,ENG,0.0,-80.769492,35.300223,-80.770492,-80.768492,35.299223000000005,35.301223,
Lake Wylie Elementary,"13620 Erwin Rd, Charlotte, NC 28273","13620 Erwin Rd, Charlotte, North Carolina, 28273",-80.97294956676751,35.11410801982149,PointAddress,100.0,M,North Carolina,NC,Mecklenburg County,,Charlotte,,POINT (-80.97294956699994 35.11410802000006),A,"13620 Erwin Rd, Charlotte, NC, 28273, USA",13620 Erwin Rd,,,"13620 Erwin Rd, Charlotte, North Carolina, 28273",,,20.0,,13620,,,,,,,Erwin,Rd,,,,,,,,,13620 Erwin Rd,,,,,,28273,6643,USA,United States,ENG,0.0,-80.9716725,35.11532700000001,-80.9726725,-80.97067249999999,35.11432700000001,35.116327000000005,
Lawrence Orr Elementary,"4835 Shamrock Dr, Charlotte, NC 28215","4835 Shamrock Dr, Charlotte, North Carolina, 28215",-80.74577193101265,35.22508581608795,PointAddress,100.0,M,North Carolina,NC,Mecklenburg County,,Charlotte,,POINT (-80.74577193099998 35.22508581600005),A,"4835 Shamrock Dr, Charlotte, NC, 28215, USA",4835 Shamrock Dr,,,"4835 Shamrock Dr, Charlotte, North Carolina, 28215",,,20.0,,4835,,,,,,,Shamrock,Dr,,,,,,,,,4835 Shamrock Dr,,,,,,28215,5176,USA,United States,ENG,0.0,-80.74413,35.226153,-80.74513,-80.74313,35.225153,35.227152999999994,
Lebanon Road Elementary,"7300 Lebanon Rd, Charlotte, NC 28227","7300 Lebanon Rd, Charlotte, North Carolina, 28227",-80.69038730826995,35.18451193112729,PointAddress,100.0,M,North Carolina,NC,Mecklenburg County,,Charlotte,,POINT (-80.69038730799997 35.18451193100003),A,"7300 Lebanon Rd, Charlotte, NC, 28227, USA",7300 Lebanon Rd,,,"7300 Lebanon Rd, Charlotte, North Carolina, 28227",,,20.0,,7300,,,,,,,Lebanon,Rd,,,,,,,,,7300 Lebanon Rd,,,,,,28227,9290,USA,United States,ENG,0.0,-80.6895,35.184078,-80.6905,-80.68849999999999,35.183078,35.185078,
Levine Middle College High Sch,"2800 Campus Ridge Rd, Matthews, NC 28105","2800 Campus Ridge Rd, Matthews, North Carolina, 28105",-80.694009,35.106255000000004,PointAddress,100.0,M,North Carolina,NC,Mecklenburg County,,Matthews,,POINT (-80.69400899999994 35.10625500000003),A,"2800 Campus Ridge Rd, Matthews, NC, 28105, USA",2800 Campus Ridge Rd,,,"2800 Campus Ridge Rd, Matthews, North Carolina, 28105",,,20.0,,2800,,,,,,,Campus Ridge,Rd,,,,,,,,,2800 Campus Ridge Rd,,,,,,28105,4859,USA,United States,ENG,0.0,-80.694009,35.106255000000004,-80.695009,-80.69300899999999,35.10525500000001,35.107255,
Mallard Creek High School,"3825 Johnston Oehler Rd, Charlotte, NC 28269","3825 Johnston Oehler Rd, Charlotte, North Carolina, 28269",-80.7699153682845,35.36596244315942,PointAddress,100.0,M,North Carolina,NC,Mecklenburg County,,Charlotte,,POINT (-80.76991536799994 35.36596244300006),A,"3825 Johnston Oehler Rd, Charlotte, NC, 28269, USA",3825 Johnston Oehler Rd,,,"3825 Johnston Oehler Rd, Charlotte, North Carolina, 28269",,,20.0,,3825,,,,,,,Johnston Oehler,Rd,,,,,,,,,3825 Johnston Oehler Rd,,,,,,28269,1017,USA,United States,ENG,0.0,-80.769708,35.365095,-80.770708,-80.76870799999999,35.364095,35.366094999999994,
Martin Luther King Jr Middle,"500 Bilmark Ave, Charlotte, NC 28213","500 Bilmark Ave, Charlotte, North Carolina, 28213",-80.778564,35.263251,PointAddress,100.0,M,North Carolina,NC,Mecklenburg County,,Charlotte,,POINT (-80.77856399999996 35.26325100000003),A,"500 Bilmark Ave, Charlotte, NC, 28213, USA",500 Bilmark Ave,,,"500 Bilmark Ave, Charlotte, North Carolina, 28213",,,20.0,,500,,,,,,,Bilmark,Ave,,,,,,,,,500 Bilmark Ave,,,,,,28213,6769,USA,United States,ENG,0.0,-80.778564,35.263251,-80.77956400000001,-80.777564,35.262251,35.264250999999994,
Matthews Elementary,"200 E McDowell St, Matthews, NC 28105","200 E McDowell St, Matthews, North Carolina, 28105",-80.72331256330412,35.11368393196401,PointAddress,100.0,M,North Carolina,NC,Mecklenburg County,,Matthews,,POINT (-80.72331256299998 35.11368393200007),A,"200 E McDowell St, Matthews, NC, 28105, USA",200 E McDowell St,,,"200 E McDowell St, Matthews, North Carolina, 28105",,,20.0,,200,,,,,E,,McDowell,St,,,,,,,,,200 E McDowell St,,,,,,28105,5773,USA,United States,ENG,0.0,-80.72356049999999,35.113293,-80.7245605,-80.72256049999999,35.112293,35.114292999999996,
McAlpine Elementary,"9100 Carswell Ln, Charlotte, NC 28277","9100 Carswell Ln, Charlotte, North Carolina, 28277",-80.82724534924057,35.08178179906509,PointAddress,100.0,M,North Carolina,NC,Mecklenburg County,,Charlotte,,POINT (-80.82724534899995 35.08178179900005),A,"9100 Carswell Ln, Charlotte, NC, 28277, USA",9100 Carswell Ln,,,"9100 Carswell Ln, Charlotte, North Carolina, 28277",,,20.0,,9100,,,,,,,Carswell,Ln,,,,,,,,,9100 Carswell Ln,,,,,,28277,3561,USA,United States,ENG,0.0,-80.828163,35.081874,-80.82916300000001,-80.827163,35.080874,35.082874,
McKee Road Elementary,"4101 McKee Rd, Charlotte, NC 28270","4101 McKee Rd, Charlotte, North Carolina, 28270",-80.75520447082944,35.069084996307346,PointAddress,100.0,M,North Carolina,NC,Mecklenburg County,,Charlotte,,POINT (-80.75520447099996 35.06908499600007),A,"4101 McKee Rd, Charlotte, NC, 28270, USA",4101 McKee Rd,,,"4101 McKee Rd, Charlotte, North Carolina, 28270",,,20.0,,4101,,,,,,,McKee,Rd,,,,,,,,,4101 McKee Rd,,,,,,28270,1258,USA,United States,ENG,0.0,-80.7549075,35.068194000000005,-80.7559075,-80.7539075,35.06719400000001,35.069194,
Merancas Middle College-CPCC,"12010 Verhoeff Dr, Huntersville, NC 28078","12010 Verhoeff Dr, Huntersville, North Carolina, 28078",-80.84088668447946,35.39379964785075,StreetAddress,100.0,M,North Carolina,NC,Mecklenburg County,Charlotte Metro Area,Huntersville,,POINT (-80.84088668399994 35.39379964800003),A,"12010 Verhoeff Dr, Huntersville, NC, 28078, USA",12010 Verhoeff Dr,,,"12010 Verhoeff Dr, Huntersville, North Carolina, 28078",,,20.0,,12010,11930,12100,11930-12100,R,,,Verhoeff,Dr,,,,,,,,,12010 Verhoeff Dr,,,,,,28078,,USA,United States,ENG,0.0,-80.84088668447946,35.39379964785075,-80.84188668447946,-80.83988668447945,35.39279964785075,35.394799647850746,
Merry Oaks International Acad,"3508 Draper Ave, Charlotte, NC 28205","3508 Draper Ave, Charlotte, North Carolina, 28205",-80.782614,35.21835900000001,PointAddress,100.0,M,North Carolina,NC,Mecklenburg County,,Charlotte,,POINT (-80.78261399999997 35.21835900000008),A,"3508 Draper Ave, Charlotte, NC, 28205, USA",3508 Draper Ave,,,"3508 Draper Ave, Charlotte, North Carolina, 28205",,,20.0,,3508,,,,,,,Draper,Ave,,,,,,,,,3508 Draper Ave,,,,,,28205,3836,USA,United States,ENG,0.0,-80.782614,35.21835900000001,-80.783614,-80.78161399999999,35.21735900000001,35.219359000000004,
Mint Hill Middle,"11501 Idlewild Road, Matthews, NC 28105","11501 Idlewild Rd, Matthews, North Carolina, 28105",-80.6999068305452,35.152020651508316,PointAddress,100.0,M,North Carolina,NC,Mecklenburg County,,Matthews,,POINT (-80.69990683099996 35.15202065200003),A,"11501 Idlewild Rd, Matthews, NC, 28105, USA",11501 Idlewild Rd,,,"11501 Idlewild Rd, Matthews, North Carolina, 28105",,,20.0,,11501,,,,,,,Idlewild,Rd,,,,,,,,,11501 Idlewild Rd,,,,,,28105,1941,USA,United States,ENG,0.0,-80.698311,35.15314500000001,-80.69931100000001,-80.697311,35.15214500000001,35.15414500000001,
Montclaire Elementary,"5801 Farmbrook Dr, Charlotte, NC 28210","5801 Farmbrook Dr, Charlotte, North Carolina, 28210",-80.8673253941951,35.152677507300275,PointAddress,100.0,M,North Carolina,NC,Mecklenburg County,,Charlotte,,POINT (-80.86732539399998 35.15267750700008),A,"5801 Farmbrook Dr, Charlotte, NC, 28210, USA",5801 Farmbrook Dr,,,"5801 Farmbrook Dr, Charlotte, North Carolina, 28210",,,20.0,,5801,,,,,,,Farmbrook,Dr,,,,,,,,,5801 Farmbrook Dr,,,,,,28210,4101,USA,United States,ENG,0.0,-80.8666965,35.152101,-80.86769650000001,-80.8656965,35.151101000000004,35.153101,
Nations Ford Elementary,"7050 Nations Ford Rd, Charlotte, NC 28217","7050 Nations Ford Rd, Charlotte, North Carolina, 28217",-80.9032005,35.156313,PointAddress,100.0,M,North Carolina,NC,Mecklenburg County,,Charlotte,,POINT (-80.90320049999997 35.15631300000007),A,"7050 Nations Ford Rd, Charlotte, NC, 28217, USA",7050 Nations Ford Rd,,,"7050 Nations Ford Rd, Charlotte, North Carolina, 28217",,,20.0,,7050,,,,,,,Nations Ford,Rd,,,,,,,,,7050 Nations Ford Rd,,,,,,28217,3461,USA,United States,ENG,0.0,-80.9032005,35.156313,-80.9042005,-80.90220049999999,35.155313,35.157312999999995,
Newell Elementary,"325 Rocky River Road West, Charlotte, NC 28213","325 Rocky River Rd W, Charlotte, North Carolina, 28213",-80.75462163910267,35.28602246162458,PointAddress,100.0,M,North Carolina,NC,Mecklenburg County,,Charlotte,,POINT (-80.75462163899994 35.28602246200006),A,"325 Rocky River Rd W, Charlotte, NC, 28213, USA",325 Rocky River Rd W,,,"325 Rocky River Rd W, Charlotte, North Carolina, 28213",,,20.0,,325,,,,,,,Rocky River,Rd,W,,,,,,,,325 Rocky River Rd W,,,,,,28213,5015,USA,United States,ENG,0.0,-80.753706,35.286705,-80.754706,-80.75270599999999,35.285705,35.287704999999995,
Niner University Elementary,"2414 Lester Street, Charlotte, NC 28208","2414 Lester St, Charlotte, North Carolina, 28208",-80.90132400204787,35.20378009717789,PointAddress,100.0,M,North Carolina,NC,Mecklenburg County,,Charlotte,,POINT (-80.90132400199997 35.20378009700005),A,"2414 Lester St, Charlotte, NC, 28208, USA",2414 Lester St,,,"2414 Lester St, Charlotte, North Carolina, 28208",,,20.0,,2414,,,,,,,Lester,St,,,,,,,,,2414 Lester St,,,,,,28208,7111,USA,United States,ENG,0.0,-80.90243099999999,35.204166,-80.903431,-80.90143099999999,35.203166,35.205166,
Oakdale Elementary,"1825 Oakdale Rd, Charlotte, NC 28216","1825 Oakdale Rd, Charlotte, North Carolina, 28216",-80.89594100978083,35.300695684690524,PointAddress,100.0,M,North Carolina,NC,Mecklenburg County,,Charlotte,,POINT (-80.89594100999994 35.30069568500005),A,"1825 Oakdale Rd, Charlotte, NC, 28216, USA",1825 Oakdale Rd,,,"1825 Oakdale Rd, Charlotte, North Carolina, 28216",,,20.0,,1825,,,,,,,Oakdale,Rd,,,,,,,,,1825 Oakdale Rd,,,,,,28216,1421,USA,United States,ENG,0.0,-80.896644,35.300520000000006,-80.897644,-80.89564399999999,35.29952000000001,35.301520000000004,
Olde Providence Elementary,"3800 Rea Rd, Charlotte, NC 28226","3800 Rea Rd, Charlotte, North Carolina, 28226",-80.7984080923018,35.1098280145127,PointAddress,100.0,M,North Carolina,NC,Mecklenburg County,,Charlotte,,POINT (-80.79840809199999 35.10982801500006),A,"3800 Rea Rd, Charlotte, NC, 28226, USA",3800 Rea Rd,,,"3800 Rea Rd, Charlotte, North Carolina, 28226",,,20.0,,3800,,,,,,,Rea,Rd,,,,,,,,,3800 Rea Rd,,,,,,28226,3177,USA,United States,ENG,0.0,-80.7985935,35.110674,-80.7995935,-80.79759349999999,35.109674000000005,35.111674,
Olympic High School,"4301 Sandy Porter Rd, Charlotte, NC 28273","4301 Sandy Porter Rd, Charlotte, North Carolina, 28273",-80.9532,35.158068,PointAddress,100.0,M,North Carolina,NC,Mecklenburg County,,Charlotte,,POINT (-80.95319999999998 35.15806800000007),A,"4301 Sandy Porter Rd, Charlotte, NC, 28273, USA",4301 Sandy Porter Rd,,,"4301 Sandy Porter Rd, Charlotte, North Carolina, 28273",,,20.0,,4301,,,,,,,Sandy Porter,Rd,,,,,,,,,4301 Sandy Porter Rd,,,,,,28273,3214,USA,United States,ENG,0.0,-80.9532,35.158068,-80.9542,-80.95219999999999,35.157068,35.159068,
Palisades Park Elementary,"15321 York Rd, Charlotte, NC 28278","15321 York Rd, Charlotte, North Carolina, 28278",-81.02596992881867,35.094226248889626,PointAddress,100.0,M,North Carolina,NC,Mecklenburg County,,Charlotte,,POINT (-81.02596992899998 35.09422624900003),A,"15321 York Rd, Charlotte, NC, 28278, USA",15321 York Rd,,,"15321 York Rd, Charlotte, North Carolina, 28278",,,20.0,,15321,,,,,,,York,Rd,,,,,,,,,15321 York Rd,,,,,,28278,8823,USA,United States,ENG,0.0,-81.0260685,35.09349300000001,-81.0270685,-81.02506849999999,35.09249300000001,35.09449300000001,
Parkside Elementary,"2945 Johnston-Oehler Rd, Charlotte, NC 28269","2945 Johnston Oehler Rd, Charlotte, North Carolina, 28269",-80.75998725445726,35.36180289332974,PointAddress,100.0,M,North Carolina,NC,Mecklenburg County,,Charlotte,,POINT (-80.75998725399995 35.36180289300006),A,"2945 Johnston Oehler Rd, Charlotte, NC, 28269, USA",2945 Johnston Oehler Rd,,,"2945 Johnston Oehler Rd, Charlotte, North Carolina, 28269",,,20.0,,2945,,,,,,,Johnston Oehler,Rd,,,,,,,,,2945 Johnston Oehler Rd,,,,,,28269,0820,USA,United States,ENG,0.0,-80.7608925,35.36082900000001,-80.7618925,-80.75989249999999,35.35982900000001,35.36182900000001,
Performance Learning Center,"2300 W Sugar Creek Road, Charlotte, NC 28262","2300 W Sugar Creek Rd, Charlotte, North Carolina, 28262",-80.79750387766227,35.29460735307839,PointAddress,100.0,M,North Carolina,NC,Mecklenburg County,,Charlotte,,POINT (-80.79750387799999 35.29460735300006),A,"2300 W Sugar Creek Rd, Charlotte, NC, 28262, USA",2300 W Sugar Creek Rd,,,"2300 W Sugar Creek Rd, Charlotte, North Carolina, 28262",,,20.0,,2300,,,,,W,,Sugar Creek,Rd,,,,,,,,,2300 W Sugar Creek Rd,,,,,,28262,3144,USA,United States,ENG,0.0,-80.7966765,35.295021000000006,-80.79767650000001,-80.7956765,35.29402100000001,35.296021,
Pineville Elementary,"204 Lowry St, Pineville, NC 28134","204 Lowry St, Pineville, North Carolina, 28134",-80.88754270901364,35.08124367978484,PointAddress,100.0,M,North Carolina,NC,Mecklenburg County,,Pineville,,POINT (-80.88754270899994 35.08124368000006),A,"204 Lowry St, Pineville, NC, 28134, USA",204 Lowry St,,,"204 Lowry St, Pineville, North Carolina, 28134",,,20.0,,204,,,,,,,Lowry,St,,,,,,,,,204 Lowry St,,,,,,28134,6563,USA,United States,ENG,0.0,-80.8877655,35.082018000000005,-80.8887655,-80.8867655,35.08101800000001,35.083018,
Pinewood Elementary,"805 Seneca Pl, Charlotte, NC 28210","805 Seneca Pl, Charlotte, North Carolina, 28210",-80.8642737614404,35.165117108343715,PointAddress,100.0,M,North Carolina,NC,Mecklenburg County,,Charlotte,,POINT (-80.86427376099994 35.16511710800006),A,"805 Seneca Pl, Charlotte, NC, 28210, USA",805 Seneca Pl,,,"805 Seneca Pl, Charlotte, North Carolina, 28210",,,20.0,,805,,,,,,,Seneca,Pl,,,,,,,,,805 Seneca Pl,,,,,,28210,2923,USA,United States,ENG,0.0,-80.86418549999999,35.166177000000005,-80.8651855,-80.86318549999999,35.16517700000001,35.167177,
Piney Grove Elementary,"8801 Eaglewind Dr, Charlotte, NC 28212","8801 Eaglewind Dr, Charlotte, North Carolina, 28212",-80.73179841970166,35.173922380720676,PointAddress,100.0,M,North Carolina,NC,Mecklenburg County,,Charlotte,,POINT (-80.73179841999996 35.17392238100007),A,"8801 Eaglewind Dr, Charlotte, NC, 28212, USA",8801 Eaglewind Dr,,,"8801 Eaglewind Dr, Charlotte, North Carolina, 28212",,,20.0,,8801,,,,,,,Eaglewind,Dr,,,,,,,,,8801 Eaglewind Dr,,,,,,28212,1526,USA,United States,ENG,0.0,-80.73087749999999,35.173152,-80.7318775,-80.72987749999999,35.172152000000004,35.174152,
Polo Ridge Elementary,"11830 Tom Short Rd, Charlotte, NC 28277","11830 Tom Short Rd, Charlotte, North Carolina, 28277",-80.79377638897137,35.04634080160391,PointAddress,100.0,M,North Carolina,NC,Mecklenburg County,,Charlotte,,POINT (-80.79377638899996 35.04634080200003),A,"11830 Tom Short Rd, Charlotte, NC, 28277, USA",11830 Tom Short Rd,,,"11830 Tom Short Rd, Charlotte, North Carolina, 28277",,,20.0,,11830,,,,,,,Tom Short,Rd,,,,,,,,,11830 Tom Short Rd,,,,,,28277,9103,USA,United States,ENG,0.0,-80.79513299999999,35.046864,-80.796133,-80.79413299999999,35.045864,35.047864,
Providence High School,"1800 Pineville-Matthews Rd, Charlotte, NC 28270","1800 Pineville Matthews Rd, Charlotte, North Carolina, 28270",-80.763588,35.11041300000001,PointAddress,100.0,M,North Carolina,NC,Mecklenburg County,,Charlotte,,POINT (-80.76358799999997 35.11041300000005),A,"1800 Pineville Matthews Rd, Charlotte, NC, 28270, USA",1800 Pineville Matthews Rd,,,"1800 Pineville Matthews Rd, Charlotte, North Carolina, 28270",,,20.0,,1800,,,,,,,Pineville Matthews,Rd,,,,,,,,,1800 Pineville Matthews Rd,,,,,,28270,0330,USA,United States,ENG,0.0,-80.763588,35.11041300000001,-80.764588,-80.762588,35.10941300000001,35.111413000000006,
Providence Spring Elementary,"10045 Providence Church Ln, Charlotte, NC 28277","10045 Providence Church Ln, Charlotte, North Carolina, 28277",-80.7698925,35.07275700000001,PointAddress,100.0,M,North Carolina,NC,Mecklenburg County,,Charlotte,,POINT (-80.76989249999997 35.07275700000002),A,"10045 Providence Church Ln, Charlotte, NC, 28277, USA",10045 Providence Church Ln,,,"10045 Providence Church Ln, Charlotte, North Carolina, 28277",,,20.0,,10045,,,,,,,Providence Church,Ln,,,,,,,,,10045 Providence Church Ln,,,,,,28277,9723,USA,United States,ENG,0.0,-80.7698925,35.07275700000001,-80.7708925,-80.76889249999999,35.07175700000001,35.07375700000001,
Rama Road Elementary,"1035 Rama Rd, Charlotte, NC 28211","1035 Rama Rd, Charlotte, North Carolina, 28211",-80.77122124557046,35.16901378662893,PointAddress,100.0,M,North Carolina,NC,Mecklenburg County,,Charlotte,,POINT (-80.77122124599998 35.16901378700004),A,"1035 Rama Rd, Charlotte, NC, 28211, USA",1035 Rama Rd,,,"1035 Rama Rd, Charlotte, North Carolina, 28211",,,20.0,,1035,,,,,,,Rama,Rd,,,,,,,,,1035 Rama Rd,,,,,,28211,4340,USA,United States,ENG,0.0,-80.7720705,35.169669,-80.7730705,-80.7710705,35.168669,35.170669,
Reedy Creek Elementary,"10801 Plaza Rd Ext, Charlotte, NC 28215","10801 Plaza Road Ext, Charlotte, North Carolina, 28215",-80.68455397305114,35.258847002365,PointAddress,100.0,M,North Carolina,NC,Mecklenburg County,,Charlotte,,POINT (-80.68455397299994 35.25884700200004),A,"10801 Plaza Road Ext, Charlotte, NC, 28215, USA",10801 Plaza Road Ext,,,"10801 Plaza Road Ext, Charlotte, North Carolina, 28215",,,20.0,,10801,,,,,,,Plaza Road,Ext,,,,,,,,,10801 Plaza Road Ext,,,,,,28215,7757,USA,United States,ENG,0.0,-80.684271,35.260371000000006,-80.685271,-80.68327099999999,35.25937100000001,35.261371000000004,
Reid Park Academy,"4108 W Tyvola Rd, Charlotte, NC 28208","4108 W Tyvola Rd, Charlotte, North Carolina, 28208",-80.905266,35.204904,PointAddress,100.0,M,North Carolina,NC,Mecklenburg County,,Charlotte,,POINT (-80.90526599999998 35.20490400000006),A,"4108 W Tyvola Rd, Charlotte, NC, 28208, USA",4108 W Tyvola Rd,,,"4108 W Tyvola Rd, Charlotte, North Carolina, 28208",,,20.0,,4108,,,,,W,,Tyvola,Rd,,,,,,,,,4108 W Tyvola Rd,,,,,,28208,6746,USA,United States,ENG,0.0,-80.905266,35.204904,-80.906266,-80.90426599999999,35.203904,35.205904,
Renaissance West STEAM Academy,"3241 New Renaissance Way, Charlotte, NC 28208","3241 New Renaissance Way, Charlotte, North Carolina, 28208",-80.92019091332409,35.208248251428444,PointAddress,100.0,M,North Carolina,NC,Mecklenburg County,,Charlotte,,POINT (-80.92019091299994 35.20824825100004),A,"3241 New Renaissance Way, Charlotte, NC, 28208, USA",3241 New Renaissance Way,,,"3241 New Renaissance Way, Charlotte, North Carolina, 28208",,,20.0,,3241,,,,,,,New Renaissance,Way,,,,,,,,,3241 New Renaissance Way,,,,,,28208,6633,USA,United States,ENG,0.0,-80.9207955,35.20794600000001,-80.9217955,-80.91979549999999,35.20694600000001,35.208946000000005,
Ridge Road Middle,"7260 Highland Creek Pkwy, Charlotte, NC 28269","7260 Highland Creek Pkwy, Charlotte, North Carolina, 28269",-80.761824,35.37633600000001,PointAddress,100.0,M,North Carolina,NC,Mecklenburg County,,Charlotte,,POINT (-80.76182399999999 35.37633600000004),A,"7260 Highland Creek Pkwy, Charlotte, NC, 28269, USA",7260 Highland Creek Pkwy,,,"7260 Highland Creek Pkwy, Charlotte, North Carolina, 28269",,,20.0,,7260,,,,,,,Highland Creek,Pkwy,,,,,,,,,7260 Highland Creek Pkwy,,,,,,28269,0805,USA,United States,ENG,0.0,-80.761824,35.37633600000001,-80.76282400000001,-80.760824,35.37533600000001,35.37733600000001,
River Gate Elementary,"15340 Smith Rd, Charlotte, NC 28273","15340 Smith Rd, Charlotte, North Carolina, 28273",-80.97640853130535,35.087535,PointAddress,100.0,M,North Carolina,NC,Mecklenburg County,,Charlotte,,POINT (-80.97640853099995 35.08753500000006),A,"15340 Smith Rd, Charlotte, NC, 28273, USA",15340 Smith Rd,,,"15340 Smith Rd, Charlotte, North Carolina, 28273",,,20.0,,15340,,,,,,,Smith,Rd,,,,,,,,,15340 Smith Rd,,,,,,28273,6842,USA,United States,ENG,0.0,-80.977266,35.087535,-80.978266,-80.976266,35.086535000000005,35.088535,
River Oaks Academy,"1015 Mt Holly-Huntersville Rd, Charlotte, NC 28214","1015 MT Holly Huntersville Rd, Charlotte, North Carolina, 28214",-80.97895799999999,35.308323,PointAddress,100.0,M,North Carolina,NC,Mecklenburg County,,Charlotte,,POINT (-80.97895799999998 35.30832300000003),A,"1015 MT Holly Huntersville Rd, Charlotte, NC, 28214, USA",1015 MT Holly Huntersville Rd,,,"1015 MT Holly Huntersville Rd, Charlotte, North Carolina, 28214",,,20.0,,1015,,,,,,,MT Holly Huntersville,Rd,,,,,,,,,1015 MT Holly Huntersville Rd,,,,,,28214,9317,USA,United States,ENG,0.0,-80.97895799999999,35.308323,-80.979958,-80.97795799999999,35.307323000000004,35.309323,
Rocky River High School,"10505 Clear Creek Commerce Dr, Mint Hill, NC 28227","10505 Clear Creek Commerce Dr, Charlotte, North Carolina, 28227",-80.6401395,35.213913000000005,PointAddress,100.0,M,North Carolina,NC,Mecklenburg County,,Charlotte,,POINT (-80.64013949999998 35.21391300000005),A,"10505 Clear Creek Commerce Dr, Charlotte, NC, 28227, USA",10505 Clear Creek Commerce Dr,,,"10505 Clear Creek Commerce Dr, Charlotte, North Carolina, 28227",,,20.0,,10505,,,,,,,Clear Creek Commerce,Dr,,,,,,,,,10505 Clear Creek Commerce Dr,,,,,,28227,7078,USA,United States,ENG,0.0,-80.6401395,35.213913000000005,-80.64113950000001,-80.6391395,35.21291300000001,35.214913,
Sedgefield Middle,"2700 Dorchester Pl, Charlotte, NC 28209","2700 Dorchester Pl, Charlotte, North Carolina, 28209",-80.85753086107209,35.19711341768153,PointAddress,100.0,M,North Carolina,NC,Mecklenburg County,,Charlotte,,POINT (-80.85753086099999 35.19711341800007),A,"2700 Dorchester Pl, Charlotte, NC, 28209, USA",2700 Dorchester Pl,,,"2700 Dorchester Pl, Charlotte, North Carolina, 28209",,,20.0,,2700,,,,,,,Dorchester,Pl,,,,,,,,,2700 Dorchester Pl,,,,,,28209,1213,USA,United States,ENG,0.0,-80.855901,35.19684000000001,-80.85690100000001,-80.854901,35.19584000000001,35.19784000000001,
Selwyn Elementary,"2840 Colony Rd, Charlotte, NC 28211","2840 Colony Rd, Charlotte, North Carolina, 28211",-80.834715,35.167563,PointAddress,100.0,M,North Carolina,NC,Mecklenburg County,,Charlotte,,POINT (-80.83471499999996 35.16756300000003),A,"2840 Colony Rd, Charlotte, NC, 28211, USA",2840 Colony Rd,,,"2840 Colony Rd, Charlotte, North Carolina, 28211",,,20.0,,2840,,,,,,,Colony,Rd,,,,,,,,,2840 Colony Rd,,,,,,28211,2634,USA,United States,ENG,0.0,-80.834715,35.167563,-80.83571500000001,-80.833715,35.166563000000004,35.168563,
Sharon Elementary,"4330 Foxcroft Rd, Charlotte, NC 28211","4330 Foxcroft Rd, Charlotte, North Carolina, 28211",-80.81538498822673,35.153074267008996,PointAddress,100.0,M,North Carolina,NC,Mecklenburg County,,Charlotte,,POINT (-80.81538498799995 35.15307426700008),A,"4330 Foxcroft Rd, Charlotte, NC, 28211, USA",4330 Foxcroft Rd,,,"4330 Foxcroft Rd, Charlotte, North Carolina, 28211",,,20.0,,4330,,,,,,,Foxcroft,Rd,,,,,,,,,4330 Foxcroft Rd,,,,,,28211,3844,USA,United States,ENG,0.0,-80.817084,35.153172,-80.818084,-80.81608399999999,35.152172,35.154171999999996,
Smithfield Elementary,"3200 Smithfield Church Rd, Charlotte, NC 28210","3200 Smithfield Church Rd, Charlotte, North Carolina, 28210",-80.85057070976346,35.11099031303047,PointAddress,100.0,M,North Carolina,NC,Mecklenburg County,,Charlotte,,POINT (-80.85057070999994 35.11099031300006),A,"3200 Smithfield Church Rd, Charlotte, NC, 28210, USA",3200 Smithfield Church Rd,,,"3200 Smithfield Church Rd, Charlotte, North Carolina, 28210",,,20.0,,3200,,,,,,,Smithfield Church,Rd,,,,,,,,,3200 Smithfield Church Rd,,,,,,28210,5908,USA,United States,ENG,0.0,-80.851383,35.11054800000001,-80.852383,-80.850383,35.10954800000001,35.111548000000006,
South Charlotte Middle,"8040 Strawberry Ln, Charlotte, NC 28277","8040 Strawberry Ln, Charlotte, North Carolina, 28277",-80.79743735512626,35.09077139687816,PointAddress,100.0,M,North Carolina,NC,Mecklenburg County,,Charlotte,,POINT (-80.79743735499994 35.09077139700003),A,"8040 Strawberry Ln, Charlotte, NC, 28277, USA",8040 Strawberry Ln,,,"8040 Strawberry Ln, Charlotte, North Carolina, 28277",,,20.0,,8040,,,,,,,Strawberry,Ln,,,,,,,,,8040 Strawberry Ln,,,,,,28277,8600,USA,United States,ENG,0.0,-80.798958,35.090631,-80.799958,-80.797958,35.089631000000004,35.091631,
Southwest Middle School,"13624 Steele Creek Rd, Charlotte, NC 28273","13624 Steele Creek Rd, Charlotte, North Carolina, 28273",-80.9908875,35.107173,PointAddress,100.0,M,North Carolina,NC,Mecklenburg County,,Charlotte,,POINT (-80.99088749999999 35.10717300000005),A,"13624 Steele Creek Rd, Charlotte, NC, 28273, USA",13624 Steele Creek Rd,,,"13624 Steele Creek Rd, Charlotte, North Carolina, 28273",,,20.0,,13624,,,,,,,Steele Creek,Rd,,,,,,,,,13624 Steele Creek Rd,,,,,,28273,6840,USA,United States,ENG,0.0,-80.9908875,35.107173,-80.9918875,-80.9898875,35.106173000000005,35.108173,
Starmount Academy of Excellen,"1600 Brookdale Ave, Charlotte, NC 28210","1600 Brookdale Ave, Charlotte, North Carolina, 28210",-80.87137511192267,35.14014007628855,PointAddress,100.0,M,North Carolina,NC,Mecklenburg County,,Charlotte,,POINT (-80.87137511199995 35.14014007600008),A,"1600 Brookdale Ave, Charlotte, NC, 28210, USA",1600 Brookdale Ave,,,"1600 Brookdale Ave, Charlotte, North Carolina, 28210",,,20.0,,1600,,,,,,,Brookdale,Ave,,,,,,,,,1600 Brookdale Ave,,,,,,28210,5312,USA,United States,ENG,0.0,-80.8706655,35.139753,-80.8716655,-80.8696655,35.138753,35.140753,
Steele Creek Elementary,"4100 Gallant Ln, Charlotte, NC 28273","4100 Gallant Ln, Charlotte, North Carolina, 28273",-80.95656576998144,35.156650973945176,PointAddress,100.0,M,North Carolina,NC,Mecklenburg County,,Charlotte,,POINT (-80.95656576999994 35.15665097400006),A,"4100 Gallant Ln, Charlotte, NC, 28273, USA",4100 Gallant Ln,,,"4100 Gallant Ln, Charlotte, North Carolina, 28273",,,20.0,,4100,,,,,,,Gallant,Ln,,,,,,,,,4100 Gallant Ln,,,,,,28273,3201,USA,United States,ENG,0.0,-80.9558145,35.157015,-80.95681450000001,-80.9548145,35.156015000000004,35.158015,
Sterling Elementary,"9601 China Grove Church Rd, Pineville, NC 28134","9601 China Grove Church Rd, Pineville, North Carolina, 28134",-80.88645498514153,35.10735704276057,PointAddress,100.0,M,North Carolina,NC,Mecklenburg County,,Pineville,,POINT (-80.88645498499994 35.10735704300004),A,"9601 China Grove Church Rd, Pineville, NC, 28134, USA",9601 China Grove Church Rd,,,"9601 China Grove Church Rd, Pineville, North Carolina, 28134",,,20.0,,9601,,,,,,,China Grove Church,Rd,,,,,,,,,9601 China Grove Church Rd,,,,,,28134,9483,USA,United States,ENG,0.0,-80.88489,35.107551,-80.88589,-80.88389,35.106551,35.108551,
Stoney Creek Elementary,"14015 Mallard Roost Rd, Charlotte, NC 28262","14015 Mallard Roost Rd, Charlotte, North Carolina, 28262",-80.7248912440126,35.34736209057011,PointAddress,100.0,M,North Carolina,NC,Mecklenburg County,,Charlotte,,POINT (-80.72489124399993 35.34736209100004),A,"14015 Mallard Roost Rd, Charlotte, NC, 28262, USA",14015 Mallard Roost Rd,,,"14015 Mallard Roost Rd, Charlotte, North Carolina, 28262",,,20.0,,14015,,,,,,,Mallard Roost,Rd,,,,,,,,,14015 Mallard Roost Rd,,,,,,28262,1757,USA,United States,ENG,0.0,-80.72541,35.34831,-80.72641,-80.72440999999999,35.34731,35.349309999999996,
Thomasboro Academy,"538 Bradford Dr, Charlotte, NC 28208","538 Bradford Dr, Charlotte, North Carolina, 28208",-80.89758773503887,35.25478485902234,PointAddress,100.0,M,North Carolina,NC,Mecklenburg County,,Charlotte,,POINT (-80.89758773499995 35.25478485900004),A,"538 Bradford Dr, Charlotte, NC, 28208, USA",538 Bradford Dr,,,"538 Bradford Dr, Charlotte, North Carolina, 28208",,,20.0,,538,,,,,,,Bradford,Dr,,,,,,,,,538 Bradford Dr,,,,,,28208,2265,USA,United States,ENG,0.0,-80.898597,35.254953,-80.899597,-80.89759699999999,35.253953,35.255953,
University Meadows Elementary,"1600 Pavilion Blvd, Charlotte, NC 28262","1600 Pavilion Blvd, Charlotte, North Carolina, 28262",-80.71336505242583,35.31561641713326,PointAddress,100.0,M,North Carolina,NC,Mecklenburg County,,Charlotte,,POINT (-80.71336505199997 35.31561641700006),A,"1600 Pavilion Blvd, Charlotte, NC, 28262, USA",1600 Pavilion Blvd,,,"1600 Pavilion Blvd, Charlotte, North Carolina, 28262",,,20.0,,1600,,,,,,,Pavilion,Blvd,,,,,,,,,1600 Pavilion Blvd,,,,,,28262,8105,USA,United States,ENG,0.0,-80.7145065,35.315415,-80.7155065,-80.7135065,35.314415000000004,35.316415,
Villa Heights Elementary,"800 Everett Place, Charlotte, NC 28205","800 Everett Pl, Charlotte, North Carolina, 28205",-80.81271681502102,35.23725066357003,PointAddress,100.0,M,North Carolina,NC,Mecklenburg County,,Charlotte,,POINT (-80.81271681499999 35.23725066400004),A,"800 Everett Pl, Charlotte, NC, 28205, USA",800 Everett Pl,,,"800 Everett Pl, Charlotte, North Carolina, 28205",,,20.0,,800,,,,,,,Everett,Pl,,,,,,,,,800 Everett Pl,,,,,,28205,1930,USA,United States,ENG,0.0,-80.8127775,35.236791,-80.8137775,-80.81177749999999,35.235791,35.237790999999994,
West Mecklenburg High School,"7400 Tuckaseegee Rd, Charlotte, NC 28214","7400 Tuckaseegee Rd, Charlotte, North Carolina, 28214",-80.9518844787926,35.24647440559114,PointAddress,100.0,M,North Carolina,NC,Mecklenburg County,,Charlotte,,POINT (-80.95188447899994 35.24647440600006),A,"7400 Tuckaseegee Rd, Charlotte, NC, 28214, USA",7400 Tuckaseegee Rd,,,"7400 Tuckaseegee Rd, Charlotte, North Carolina, 28214",,,20.0,,7400,,,,,,,Tuckaseegee,Rd,,,,,,,,,7400 Tuckaseegee Rd,,,,,,28214,2621,USA,United States,ENG,0.0,-80.952147,35.247483,-80.953147,-80.95114699999999,35.246483000000005,35.248483,
Westerly Hills Academy,"4420 Denver Ave, Charlotte, NC 28208","4420 Denver Ave, Charlotte, North Carolina, 28208",-80.91188361414436,35.23081459157973,PointAddress,100.0,M,North Carolina,NC,Mecklenburg County,,Charlotte,,POINT (-80.91188361399998 35.23081459200006),A,"4420 Denver Ave, Charlotte, NC, 28208, USA",4420 Denver Ave,,,"4420 Denver Ave, Charlotte, North Carolina, 28208",,,20.0,,4420,,,,,,,Denver,Ave,,,,,,,,,4420 Denver Ave,,,,,,28208,3620,USA,United States,ENG,0.0,-80.911188,35.23216500000001,-80.912188,-80.91018799999999,35.23116500000001,35.23316500000001,
Whitewater Academy,"11600 White Rapids Rd, Charlotte, NC 28214","11600 White Rapids Rd, Charlotte, North Carolina, 28214",-80.9896712412713,35.28217098343756,PointAddress,100.0,M,North Carolina,NC,Mecklenburg County,,Charlotte,,POINT (-80.98967124099994 35.28217098300007),A,"11600 White Rapids Rd, Charlotte, NC, 28214, USA",11600 White Rapids Rd,,,"11600 White Rapids Rd, Charlotte, North Carolina, 28214",,,20.0,,11600,,,,,,,White Rapids,Rd,,,,,,,,,11600 White Rapids Rd,,,,,,28214,2813,USA,United States,ENG,0.0,-80.99055,35.283123,-80.99155,-80.98955,35.282123000000006,35.284123,
William Amos Hough High,"12420 Bailey Rd, Cornelius, NC 28031","12420 Bailey Rd, Cornelius, North Carolina, 28031",-80.82755967060957,35.469129497259644,PointAddress,100.0,M,North Carolina,NC,Mecklenburg County,,Cornelius,,POINT (-80.82755967099996 35.46912949700004),A,"12420 Bailey Rd, Cornelius, NC, 28031, USA",12420 Bailey Rd,,,"12420 Bailey Rd, Cornelius, North Carolina, 28031",,,20.0,,12420,,,,,,,Bailey,Rd,,,,,,,,,12420 Bailey Rd,,,,,,28031,9134,USA,United States,ENG,0.0,-80.828163,35.46803700000001,-80.82916300000001,-80.827163,35.46703700000001,35.46903700000001,
Winding Springs Elementary,"6601 Horace Mann Rd, Charlotte, NC 28269","6601 Horace Mann Rd, Charlotte, North Carolina, 28269",-80.82766449301685,35.30681053064246,PointAddress,100.0,M,North Carolina,NC,Mecklenburg County,,Charlotte,,POINT (-80.82766449299999 35.30681053100005),A,"6601 Horace Mann Rd, Charlotte, NC, 28269, USA",6601 Horace Mann Rd,,,"6601 Horace Mann Rd, Charlotte, North Carolina, 28269",,,20.0,,6601,,,,,,,Horace Mann,Rd,,,,,,,,,6601 Horace Mann Rd,,,,,,28269,8811,USA,United States,ENG,0.0,-80.828658,35.306532000000004,-80.82965800000001,-80.827658,35.30553200000001,35.307532,
Windsor Park Elementary,"3910 Sudbury Rd, Charlotte, NC 28205","3910 Sudbury Rd, Charlotte, North Carolina, 28205",-80.75937138501891,35.224392969358476,PointAddress,100.0,M,North Carolina,NC,Mecklenburg County,,Charlotte,,POINT (-80.75937138499995 35.22439296900006),A,"3910 Sudbury Rd, Charlotte, NC, 28205, USA",3910 Sudbury Rd,,,"3910 Sudbury Rd, Charlotte, North Carolina, 28205",,,20.0,,3910,,,,,,,Sudbury,Rd,,,,,,,,,3910 Sudbury Rd,,,,,,28205,4543,USA,United States,ENG,0.0,-80.760024,35.223219,-80.761024,-80.759024,35.222219,35.224219,
Winterfield Elementary,"3100 Winterfield Pl, Charlotte, NC 28205","3100 Winterfield Pl, Charlotte, North Carolina, 28205",-80.76626869450001,35.20759701918724,PointAddress,100.0,M,North Carolina,NC,Mecklenburg County,,Charlotte,,POINT (-80.76626869499995 35.20759701900005),A,"3100 Winterfield Pl, Charlotte, NC, 28205, USA",3100 Winterfield Pl,,,"3100 Winterfield Pl, Charlotte, North Carolina, 28205",,,20.0,,3100,,,,,,,Winterfield,Pl,,,,,,,,,3100 Winterfield Pl,,,,,,28205,5937,USA,United States,ENG,0.0,-80.767098,35.207982,-80.76809800000001,-80.766098,35.206982,35.208982,
